{
  "weights": [
    -3.573489718349971,
    -4.289892659387921,
    -2.4923427998177092,
    -1.0471837206312316,
    3.584663994692221,
    4.600333533104325,
    1.3322773691585272,
    1.3393900248767152
  ],
  "bias": 2.637699771553139
}